Country Name,Country Code,Indicator Name,Indicator Code,2012,2013,2014,2015,2016,2017,2018,,,,,,,,,,,,,,,,,,,,,,,,,,,,,,,,,,,,,,,,,,,,,,,,,,,,,
Aruba,ABW,GDP (current US$),NY.GDP.MKTP.CD,2534636872,2581564246,2649720670,2691620112,2646927374,2700558659,,,,,,,,,,,,,,,,,,,,,,,,,,,,,,,,,,,,,,,,,,,,,,,,,,,,,,
Afghanistan,AFG,GDP (current US$),NY.GDP.MKTP.CD,20001615789,20561054090,20484873230,19907111419,19362642267,20191764940,19362969582,,,,,,,,,,,,,,,,,,,,,,,,,,,,,,,,,,,,,,,,,,,,,,,,,,,,,
Angola,AGO,GDP (current US$),NY.GDP.MKTP.CD,1.28053E+11,1.3671E+11,1.45712E+11,1.16194E+11,1.01124E+11,1.22124E+11,1.05751E+11,,,,,,,,,,,,,,,,,,,,,,,,,,,,,,,,,,,,,,,,,,,,,,,,,,,,,
Albania,ALB,GDP (current US$),NY.GDP.MKTP.CD,12319784701,12776277649,13228244336,11386927679,11861353752,13025064967,15102500898,,,,,,,,,,,,,,,,,,,,,,,,,,,,,,,,,,,,,,,,,,,,,,,,,,,,,2019
Andorra,AND,GDP (current US$),NY.GDP.MKTP.CD,3164615187,3281585236,3350736367,2811489409,2877311947,3013387424,3236543909,,,,,,,,,,,,,,,,,,,,,,,,,,,,,,,,,,,,,,,,,,,,,,,,,,,,,
Arab World,ARB,GDP (current US$),NY.GDP.MKTP.CD,2.78743E+12,2.86839E+12,2.90949E+12,2.55842E+12,2.51103E+12,2.58703E+12,2.77488E+12,,,,,,,,,,,,,,,,,,,,,,,,,,,,,,,,,,,,,,,,,,,,,,,,,,,,,
United Arab Emirates,ARE,GDP (current US$),NY.GDP.MKTP.CD,3.74591E+11,3.90108E+11,4.03137E+11,3.58135E+11,3.57045E+11,3.77701E+11,4.14179E+11,,,,,,,,,,,,,,,,,,,,,,,,,,,,,,,,,,,,,,,,,,,,,,,,,,,,,
Argentina,ARG,GDP (current US$),NY.GDP.MKTP.CD,5.45982E+11,5.52025E+11,5.2632E+11,5.94749E+11,5.57531E+11,6.42696E+11,5.19872E+11,,,,,,,,,,,,,,,,,,,,,,,,,,,,,,,,,,,,,,,,,,,,,,,,,,,,,
Armenia,ARM,GDP (current US$),NY.GDP.MKTP.CD,10619320049,11121465767,11609512940,10553337673,10546135160,11527458566,12433089919,,,,,,,,,,,,,,,,,,,,,,,,,,,,,,,,,,,,,,,,,,,,,,,,,,,,,
American Samoa,ASM,GDP (current US$),NY.GDP.MKTP.CD,644000000,641000000,642000000,661000000,652000000,602000000,636000000,,,,,,,,,,,,,,,,,,,,,,,,,,,,,,,,,,,,,,,,,,,,,,,,,,,,,
Antigua and Barbuda,ATG,GDP (current US$),NY.GDP.MKTP.CD,1199948148,1181448148,1249733333,1336692593,1436585185,1467977778,1610574074,,,,,,,,,,,,,,,,,,,,,,,,,,,,,,,,,,,,,,,,,,,,,,,,,,,,,
Australia,AUS,GDP (current US$),NY.GDP.MKTP.CD,1.54615E+12,1.57618E+12,1.46748E+12,1.35169E+12,1.20885E+12,1.33014E+12,1.4339E+12,,,,,,,,,,,,,,,,,,,,,,,,,,,,,,,,,,,,,,,,,,,,,,,,,,,,,
Austria,AUT,GDP (current US$),NY.GDP.MKTP.CD,4.09425E+11,4.30069E+11,4.41996E+11,3.81818E+11,3.95228E+11,4.17283E+11,4.55286E+11,,,,,,,,,,,,,,,,,,,,,,,,,,,,,,,,,,,,,,,,,,,,,,,,,,,,,
Azerbaijan,AZE,GDP (current US$),NY.GDP.MKTP.CD,69683935845,74164435946,75244294275,53074468085,37867518957,40865558912,46939529412,,,,,,,,,,,,,,,,,,,,,,,,,,,,,,,,,,,,,,,,,,,,,,,,,,,,,
Burundi,BDI,GDP (current US$),NY.GDP.MKTP.CD,2333308099,2451625333,2705783272,3104394858,2959640987,3172292379,3036931818,,,,,,,,,,,,,,,,,,,,,,,,,,,,,,,,,,,,,,,,,,,,,,,,,,,,,
Belgium,BEL,GDP (current US$),NY.GDP.MKTP.CD,4.96181E+11,5.21643E+11,5.34678E+11,4.6215E+11,4.76057E+11,5.03005E+11,5.42761E+11,,,,,,,,,,,,,,,,,,,,,,,,,,,,,,,,,,,,,,,,,,,,,,,,,,,,,
Benin,BEN,GDP (current US$),NY.GDP.MKTP.CD,11141358945,12517845732,13284528654,11388160958,11821066153,12701656931,14250985959,,,,,,,,,,,,,,,,,,,,,,,,,,,,,,,,,,,,,,,,,,,,,,,,,,,,,
Burkina Faso,BFA,GDP (current US$),NY.GDP.MKTP.CD,11166063467,11947176342,12377391463,10419303761,10867024152,12330338343,14124775069,,,,,,,,,,,,,,,,,,,,,,,,,,,,,,,,,,,,,,,,,,,,,,,,,,,,,
Bangladesh,BGD,GDP (current US$),NY.GDP.MKTP.CD,1.33356E+11,1.4999E+11,1.72885E+11,1.95079E+11,2.21415E+11,2.49724E+11,2.74025E+11,,,,,,,,,,,,,,,,,,,,,,,,,,,,,,,,,,,,,,,,,,,,,,,,,,,,,
Bulgaria,BGR,GDP (current US$),NY.GDP.MKTP.CD,53903022339,55555171010,56814543481,50201314895,53240950226,58220973783,65132951116,,,,,,,,,,,,,,,,,,,,,,,,,,,,,,,,,,,,,,,,,,,,,,,,,,,,,
Bahrain,BHR,GDP (current US$),NY.GDP.MKTP.CD,30749335106,32539547872,33387686170,31125877660,32250132979,35432686170,37746196809,,,,,,,,,,,,,,,,,,,,,,,,,,,,,,,,,,,,,,,,,,,,,,,,,,,,,
"Bahamas, The",BHS,GDP (current US$),NY.GDP.MKTP.CD,10720500000,10562700000,10913300000,11752300000,11938400000,12150400000,12424500000,,,,,,,,,,,,,,,,,,,,,,,,,,,,,,,,,,,,,,,,,,,,,,,,,,,,,
Bosnia and Herzegovina,BIH,GDP (current US$),NY.GDP.MKTP.CD,17226849297,18178503835,18558343508,16211540686,16913330694,18080118128,20161865419,,,,,,,,,,,,,,,,,,,,,,,,,,,,,,,,,,,,,,,,,,,,,,,,,,,,,
Belarus,BLR,GDP (current US$),NY.GDP.MKTP.CD,65685102555,75527984234,78813839984,56454734397,47722657821,54726595249,60031262269,,,,,,,,,,,,,,,,,,,,,,,,,,,,,,,,,,,,,,,,,,,,,,,,,,,,,
Belize,BLZ,GDP (current US$),NY.GDP.MKTP.CD,1522899790,1579413515,1662802599,1723785357,1775100179,1836593466,1871203164,,,,,,,,,,,,,,,,,,,,,,,,,,,,,,,,,,,,,,,,,,,,,,,,,,,,,
Bermuda,BMU,GDP (current US$),NY.GDP.MKTP.CD,5537537000,5573710000,,,,,,,,,,,,,,,,,,,,,,,,,,,,,,,,,,,,,,,,,,,,,,,,,,,,,,,,,,
Bolivia,BOL,GDP (current US$),NY.GDP.MKTP.CD,27084497540,30659338784,32996188133,33000198263,33941126194,37508642258,40287647757,,,,,,,,,,,,,,,,,,,,,,,,,,,,,,,,,,,,,,,,,,,,,,,,,,,,,
Brazil,BRA,GDP (current US$),NY.GDP.MKTP.CD,2.46519E+12,2.47281E+12,2.45599E+12,1.80221E+12,1.7957E+12,2.06283E+12,1.88548E+12,,,,,,,,,,,,,,,,,,,,,,,,,,,,,,,,,,,,,,,,,,,,,,,,,,,,,
Barbados,BRB,GDP (current US$),NY.GDP.MKTP.CD,4610096000,4677248300,4696344350,4725500000,4840500000,4989500000,5145000000,,,,,,,,,,,,,,,,,,,,,,,,,,,,,,,,,,,,,,,,,,,,,,,,,,,,,
Brunei Darussalam,BRN,GDP (current US$),NY.GDP.MKTP.CD,19048495519,18093829923,17098342541,12930394938,11400854268,12128104859,13567351175,,,,,,,,,,,,,,,,,,,,,,,,,,,,,,,,,,,,,,,,,,,,,,,,,,,,,
Bhutan,BTN,GDP (current US$),NY.GDP.MKTP.CD,1781281281,1756215666,1907090813,2003598213,2158972128,2450364929,2446674101,,,,,,,,,,,,,,,,,,,,,,,,,,,,,,,,,,,,,,,,,,,,,,,,,,,,,
Botswana,BWA,GDP (current US$),NY.GDP.MKTP.CD,16067155187,14901750765,16250750259,14420604206,15646316818,17405538618,18616018903,,,,,,,,,,,,,,,,,,,,,,,,,,,,,,,,,,,,,,,,,,,,,,,,,,,,,
Central African Republic,CAF,GDP (current US$),NY.GDP.MKTP.CD,2510270268,1691063477,1892292912,1695143880,1823779165,2067230996,2219894702,,,,,,,,,,,,,,,,,,,,,,,,,,,,,,,,,,,,,,,,,,,,,,,,,,,,,
Canada,CAN,GDP (current US$),NY.GDP.MKTP.CD,1.82397E+12,1.84202E+12,1.80148E+12,1.5529E+12,1.52671E+12,1.64687E+12,1.71334E+12,,,,,,,,,,,,,,,,,,,,,,,,,,,,,,,,,,,,,,,,,,,,,,,,,,,,,
Central Europe and the Baltics,CEB,GDP (current US$),NY.GDP.MKTP.CD,1.35267E+12,1.42273E+12,1.46559E+12,1.28964E+12,1.317E+12,1.45718E+12,1.63291E+12,,,,,,,,,,,,,,,,,,,,,,,,,,,,,,,,,,,,,,,,,,,,,,,,,,,,,
Switzerland,CHE,GDP (current US$),NY.GDP.MKTP.CD,6.68043E+11,6.88504E+11,7.09182E+11,6.79832E+11,6.71309E+11,6.79951E+11,7.0514E+11,,,,,,,,,,,,,,,,,,,,,,,,,,,,,,,,,,,,,,,,,,,,,,,,,,,,,
Channel Islands,CHI,GDP (current US$),NY.GDP.MKTP.CD,,,,,,,,,,,,,,,,,,,,,,,,,,,,,,,,,,,,,,,,,,,,,,,,,,,,,,,,,,,,
Chile,CHL,GDP (current US$),NY.GDP.MKTP.CD,2.67122E+11,2.78384E+11,2.60542E+11,2.43919E+11,2.5034E+11,2.77746E+11,2.98231E+11,,,,,,,,,,,,,,,,,,,,,,,,,,,,,,,,,,,,,,,,,,,,,,,,,,,,,
China,CHN,GDP (current US$),NY.GDP.MKTP.CD,8.53223E+12,9.57041E+12,1.04385E+13,1.10155E+13,1.11379E+13,1.21435E+13,1.36082E+13,,,,,,,,,,,,,,,,,,,,,,,,,,,,,,,,,,,,,,,,,,,,,,,,,,,,,
Cote d'Ivoire,CIV,GDP (current US$),NY.GDP.MKTP.CD,26790579775,31264187110,35316491207,33131114322,35296977344,38053606751,43007047822,,,,,,,,,,,,,,,,,,,,,,,,,,,,,,,,,,,,,,,,,,,,,,,,,,,,,
Cameroon,CMR,GDP (current US$),NY.GDP.MKTP.CD,29104437355,32348149947,34942948737,30916218544,32621535419,34922782311,38675205293,,,,,,,,,,,,,,,,,,,,,,,,,,,,,,,,,,,,,,,,,,,,,,,,,,,,,
"Congo, Dem. Rep.",COD,GDP (current US$),NY.GDP.MKTP.CD,29306235826,32679745298,35909040266,37917704900,37134799975,38019265626,47227535291,,,,,,,,,,,,,,,,,,,,,,,,,,,,,,,,,,,,,,,,,,,,,,,,,,,,,
"Congo, Rep.",COG,GDP (current US$),NY.GDP.MKTP.CD,13677930124,14085851348,14177437982,8553154580,9035848071,8701334800,11263682694,,,,,,,,,,,,,,,,,,,,,,,,,,,,,,,,,,,,,,,,,,,,,,,,,,,,,
Colombia,COL,GDP (current US$),NY.GDP.MKTP.CD,3.70574E+11,3.81867E+11,3.81112E+11,2.93482E+11,2.82825E+11,3.1179E+11,3.31047E+11,,,,,,,,,,,,,,,,,,,,,,,,,,,,,,,,,,,,,,,,,,,,,,,,,,,,,
Comoros,COM,GDP (current US$),NY.GDP.MKTP.CD,1015901205,1115906342,1148058015,965640593,1012147324,1074778461,1177955049,,,,,,,,,,,,,,,,,,,,,,,,,,,,,,,,,,,,,,,,,,,,,,,,,,,,,
Cabo Verde,CPV,GDP (current US$),NY.GDP.MKTP.CD,1741809809,1850470042,1859898513,1596800287,1663008687,1769787215,1976814277,,,,,,,,,,,,,,,,,,,,,,,,,,,,,,,,,,,,,,,,,,,,,,,,,,,,,
Costa Rica,CRI,GDP (current US$),NY.GDP.MKTP.CD,46473128286,49745088112,50577769838,54775994479,57157992434,58174549218,60130106116,,,,,,,,,,,,,,,,,,,,,,,,,,,,,,,,,,,,,,,,,,,,,,,,,,,,,
Caribbean small states,CSS,GDP (current US$),NY.GDP.MKTP.CD,70684558867,72051031654,72989135760,71648867904,68106378710,69602182809,73523538155,,,,,,,,,,,,,,,,,,,,,,,,,,,,,,,,,,,,,,,,,,,,,,,,,,,,,
Cuba,CUB,GDP (current US$),NY.GDP.MKTP.CD,73141000000,77148000000,80656000000,87133000000,91370000000,96851000000,1.00023E+11,,,,,,,,,,,,,,,,,,,,,,,,,,,,,,,,,,,,,,,,,,,,,,,,,,,,,
Curacao,CUW,GDP (current US$),NY.GDP.MKTP.CD,3131096089,3147616201,3158406034,3151910782,3122287933,3116610112,3127908038,,,,,,,,,,,,,,,,,,,,,,,,,,,,,,,,,,,,,,,,,,,,,,,,,,,,,
Cayman Islands,CYM,GDP (current US$),NY.GDP.MKTP.CD,4291159006,4405954638,4563017881,4708336733,4898908676,5141833913,,,,,,,,,,,,,,,,,,,,,,,,,,,,,,,,,,,,,,,,,,,,,,,,,,,,,,
Cyprus,CYP,GDP (current US$),NY.GDP.MKTP.CD,24978513427,23900872626,23128114787,19779150116,20890936462,22638608224,24961988663,,,,,,,,,,,,,,,,,,,,,,,,,,,,,,,,,,,,,,,,,,,,,,,,,,,,,
Czech Republic,CZE,GDP (current US$),NY.GDP.MKTP.CD,2.07376E+11,2.09402E+11,2.07818E+11,1.8683E+11,1.9509E+11,2.15914E+11,2.45226E+11,,,,,,,,,,,,,,,,,,,,,,,,,,,,,,,,,,,,,,,,,,,,,,,,,,,,,
Germany,DEU,GDP (current US$),NY.GDP.MKTP.CD,3.52734E+12,3.73274E+12,3.88392E+12,3.36055E+12,3.46679E+12,3.65675E+12,3.94762E+12,,,,,,,,,,,,,,,,,,,,,,,,,,,,,,,,,,,,,,,,,,,,,,,,,,,,,
Djibouti,DJI,GDP (current US$),NY.GDP.MKTP.CD,1353632942,2042817163,2216200810,2445484583,2618587757,2766868072,2955912228,,,,,,,,,,,,,,,,,,,,,,,,,,,,,,,,,,,,,,,,,,,,,,,,,,,,,
Dominica,DMA,GDP (current US$),NY.GDP.MKTP.CD,485998000,498296296.3,520207407.4,540737037,576229629.6,519837037,550892592.6,,,,,,,,,,,,,,,,,,,,,,,,,,,,,,,,,,,,,,,,,,,,,,,,,,,,,
Denmark,DNK,GDP (current US$),NY.GDP.MKTP.CD,3.27149E+11,3.43584E+11,3.52994E+11,3.02673E+11,3.13116E+11,3.29417E+11,3.55675E+11,,,,,,,,,,,,,,,,,,,,,,,,,,,,,,,,,,,,,,,,,,,,,,,,,,,,,
Dominican Republic,DOM,GDP (current US$),NY.GDP.MKTP.CD,60681535893,62682158701,67179956264,71164826721,75704647977,79998045976,85555390387,,,,,,,,,,,,,,,,,,,,,,,,,,,,,,,,,,,,,,,,,,,,,,,,,,,,,
Algeria,DZA,GDP (current US$),NY.GDP.MKTP.CD,2.09063E+11,2.09755E+11,2.13809E+11,1.65978E+11,1.60033E+11,1.6739E+11,1.73758E+11,,,,,,,,,,,,,,,,,,,,,,,,,,,,,,,,,,,,,,,,,,,,,,,,,,,,,
East Asia & Pacific (excluding high income),EAP,GDP (current US$),NY.GDP.MKTP.CD,1.07158E+13,1.18235E+13,1.27114E+13,1.32266E+13,1.34616E+13,1.46502E+13,1.62834E+13,,,,,,,,,,,,,,,,,,,,,,,,,,,,,,,,,,,,,,,,,,,,,,,,,,,,,
Early-demographic dividend,EAR,GDP (current US$),NY.GDP.MKTP.CD,1.00585E+13,1.02425E+13,1.05967E+13,1.02817E+13,1.05176E+13,1.13762E+13,1.16389E+13,,,,,,,,,,,,,,,,,,,,,,,,,,,,,,,,,,,,,,,,,,,,,,,,,,,,,
East Asia & Pacific,EAS,GDP (current US$),NY.GDP.MKTP.CD,2.10043E+13,2.1241E+13,2.18787E+13,2.17601E+13,2.2462E+13,2.39316E+13,2.59414E+13,,,,,,,,,,,,,,,,,,,,,,,,,,,,,,,,,,,,,,,,,,,,,,,,,,,,,
Europe & Central Asia (excluding high income),ECA,GDP (current US$),NY.GDP.MKTP.CD,4.07052E+12,4.32734E+12,4.03728E+12,3.08965E+12,2.96106E+12,3.32377E+12,3.41106E+12,,,,,,,,,,,,,,,,,,,,,,,,,,,,,,,,,,,,,,,,,,,,,,,,,,,,,
Europe & Central Asia,ECS,GDP (current US$),NY.GDP.MKTP.CD,2.24062E+13,2.34168E+13,2.37334E+13,2.04461E+13,2.0384E+13,2.15518E+13,2.30688E+13,,,,,,,,,,,,,,,,,,,,,,,,,,,,,,,,,,,,,,,,,,,,,,,,,,,,,
Ecuador,ECU,GDP (current US$),NY.GDP.MKTP.CD,87924544000,95129659000,1.01726E+11,99290381000,99937696000,1.04296E+11,1.08398E+11,,,,,,,,,,,,,,,,,,,,,,,,,,,,,,,,,,,,,,,,,,,,,,,,,,,,,
"Egypt, Arab Rep.",EGY,GDP (current US$),NY.GDP.MKTP.CD,2.79373E+11,2.88586E+11,3.0553E+11,3.32698E+11,3.32928E+11,2.35369E+11,2.50895E+11,,,,,,,,,,,,,,,,,,,,,,,,,,,,,,,,,,,,,,,,,,,,,,,,,,,,,
Euro area,EMU,GDP (current US$),NY.GDP.MKTP.CD,1.26389E+13,1.31895E+13,1.34901E+13,1.16723E+13,1.19652E+13,1.26223E+13,1.36466E+13,,,,,,,,,,,,,,,,,,,,,,,,,,,,,,,,,,,,,,,,,,,,,,,,,,,,,
Eritrea,ERI,GDP (current US$),NY.GDP.MKTP.CD,,,,,,,,,,,,,,,,,,,,,,,,,,,,,,,,,,,,,,,,,,,,,,,,,,,,,,,,,,,,
Spain,ESP,GDP (current US$),NY.GDP.MKTP.CD,1.32482E+12,1.35476E+12,1.3694E+12,1.19512E+12,1.23208E+12,1.30931E+12,1.41904E+12,,,,,,,,,,,,,,,,,,,,,,,,,,,,,,,,,,,,,,,,,,,,,,,,,,,,,
Estonia,EST,GDP (current US$),NY.GDP.MKTP.CD,23192709239,25271407239,26773472962,23048864243,23996451498,26792757827,30732144529,,,,,,,,,,,,,,,,,,,,,,,,,,,,,,,,,,,,,,,,,,,,,,,,,,,,,
Ethiopia,ETH,GDP (current US$),NY.GDP.MKTP.CD,43310721414,47648211133,55612228234,64589334979,74296618481,81760441159,84355604753,,,,,,,,,,,,,,,,,,,,,,,,,,,,,,,,,,,,,,,,,,,,,,,,,,,,,
European Union,EUU,GDP (current US$),NY.GDP.MKTP.CD,1.46345E+13,1.52913E+13,1.56312E+13,1.35452E+13,1.3882E+13,1.47011E+13,1.59128E+13,,,,,,,,,,,,,,,,,,,,,,,,,,,,,,,,,,,,,,,,,,,,,,,,,,,,,
Fragile and conflict affected situations,FCS,GDP (current US$),NY.GDP.MKTP.CD,1.65793E+12,1.74101E+12,1.91793E+12,1.69853E+12,1.55419E+12,1.62161E+12,1.64882E+12,,,,,,,,,,,,,,,,,,,,,,,,,,,,,,,,,,,,,,,,,,,,,,,,,,,,,
Finland,FIN,GDP (current US$),NY.GDP.MKTP.CD,2.58305E+11,2.71285E+11,2.74497E+11,2.34585E+11,2.4057E+11,2.54435E+11,2.76743E+11,,,,,,,,,,,,,,,,,,,,,,,,,,,,,,,,,,,,,,,,,,,,,,,,,,,,,
Fiji,FJI,GDP (current US$),NY.GDP.MKTP.CD,3972012571,4190143206,4856963230,4682546863,4930204220,5353404419,5536759659,,,,,,,,,,,,,,,,,,,,,,,,,,,,,,,,,,,,,,,,,,,,,,,,,,,,,
France,FRA,GDP (current US$),NY.GDP.MKTP.CD,2.68383E+12,2.81108E+12,2.85217E+12,2.43821E+12,2.47129E+12,2.58629E+12,2.77754E+12,,,,,,,,,,,,,,,,,,,,,,,,,,,,,,,,,,,,,,,,,,,,,,,,,,,,,
Faroe Islands,FRO,GDP (current US$),NY.GDP.MKTP.CD,2366301252,2627049837,2850743875,2518096286,2689157271,,,,,,,,,,,,,,,,,,,,,,,,,,,,,,,,,,,,,,,,,,,,,,,,,,,,,,,
"Micronesia, Fed. Sts.",FSM,GDP (current US$),NY.GDP.MKTP.CD,327248654.8,317214350.1,319271156.4,316489947.5,332265162.5,366666808.6,401932279,,,,,,,,,,,,,,,,,,,,,,,,,,,,,,,,,,,,,,,,,,,,,,,,,,,,,
Gabon,GAB,GDP (current US$),NY.GDP.MKTP.CD,17171447372,17590745162,18179752010,14377324798,14014369642,14892609693,16853589311,,,,,,,,,,,,,,,,,,,,,,,,,,,,,,,,,,,,,,,,,,,,,,,,,,,,,
United Kingdom,GBR,GDP (current US$),NY.GDP.MKTP.CD,2.70489E+12,2.78602E+12,3.0638E+12,2.92859E+12,2.69428E+12,2.66623E+12,2.8553E+12,,,,,,,,,,,,,,,,,,,,,,,,,,,,,,,,,,,,,,,,,,,,,,,,,,,,,
Georgia,GEO,GDP (current US$),NY.GDP.MKTP.CD,16488403076,17189491403,17627060089,14953950557,15141758567,16242956764,17599660629,,,,,,,,,,,,,,,,,,,,,,,,,,,,,,,,,,,,,,,,,,,,,,,,,,,,,
Ghana,GHA,GDP (current US$),NY.GDP.MKTP.CD,41939728979,63277216929,53601126664,49181854798,55009730600,58996776238,65556464048,,,,,,,,,,,,,,,,,,,,,,,,,,,,,,,,,,,,,,,,,,,,,,,,,,,,,
Gibraltar,GIB,GDP (current US$),NY.GDP.MKTP.CD,,,,,,,,,,,,,,,,,,,,,,,,,,,,,,,,,,,,,,,,,,,,,,,,,,,,,,,,,,,,
Guinea,GIN,GDP (current US$),NY.GDP.MKTP.CD,7638045254,8376613843,8778473615,8794202444,8603833218,10324668267,10907214994,,,,,,,,,,,,,,,,,,,,,,,,,,,,,,,,,,,,,,,,,,,,,,,,,,,,,
"Gambia, The",GMB,GDP (current US$),NY.GDP.MKTP.CD,1415006238,1375608956,1229460602,1378176868,1467255923,1504954958,1632823199,,,,,,,,,,,,,,,,,,,,,,,,,,,,,,,,,,,,,,,,,,,,,,,,,,,,,
Guinea-Bissau,GNB,GDP (current US$),NY.GDP.MKTP.CD,989327811.8,1045790133,1053512334,1047808175,1178204501,1346841897,1458156026,,,,,,,,,,,,,,,,,,,,,,,,,,,,,,,,,,,,,,,,,,,,,,,,,,,,,
Equatorial Guinea,GNQ,GDP (current US$),NY.GDP.MKTP.CD,22388345810,21948835350,21765454404,13185496836,11240809132,12200914930,13278488567,,,,,,,,,,,,,,,,,,,,,,,,,,,,,,,,,,,,,,,,,,,,,,,,,,,,,
Greece,GRC,GDP (current US$),NY.GDP.MKTP.CD,2.45671E+11,2.39862E+11,2.3703E+11,1.96591E+11,1.95222E+11,2.03086E+11,2.18032E+11,,,,,,,,,,,,,,,,,,,,,,,,,,,,,,,,,,,,,,,,,,,,,,,,,,,,,
Grenada,GRD,GDP (current US$),NY.GDP.MKTP.CD,799882259.3,842620111.1,911497407.4,997007925.9,1061631222,1126882296,1185925926,,,,,,,,,,,,,,,,,,,,,,,,,,,,,,,,,,,,,,,,,,,,,,,,,,,,,
Greenland,GRL,GDP (current US$),NY.GDP.MKTP.CD,2609667674,2684952727,2842048998,2499115623,2707146783,,,,,,,,,,,,,,,,,,,,,,,,,,,,,,,,,,,,,,,,,,,,,,,,,,,,,,,
Guatemala,GTM,GDP (current US$),NY.GDP.MKTP.CD,50388460925,53851153447,58722323918,63767597194,68663649522,75620081928,78460447920,,,,,,,,,,,,,,,,,,,,,,,,,,,,,,,,,,,,,,,,,,,,,,,,,,,,,
Guam,GUM,GDP (current US$),NY.GDP.MKTP.CD,5199000000,5336000000,5538000000,5710000000,5795000000,5851000000,5920000000,,,,,,,,,,,,,,,,,,,,,,,,,,,,,,,,,,,,,,,,,,,,,,,,,,,,,
Guyana,GUY,GDP (current US$),NY.GDP.MKTP.CD,2861562266,2987684170,3077643314,3197220339,3504024213,3555205811,3878662621,,,,,,,,,,,,,,,,,,,,,,,,,,,,,,,,,,,,,,,,,,,,,,,,,,,,,
High income,HIC,GDP (current US$),NY.GDP.MKTP.CD,4.90166E+13,4.96104E+13,5.06914E+13,4.78868E+13,4.88829E+13,5.10384E+13,5.42057E+13,,,,,,,,,,,,,,,,,,,,,,,,,,,,,,,,,,,,,,,,,,,,,,,,,,,,,
"Hong Kong SAR, China",HKG,GDP (current US$),NY.GDP.MKTP.CD,2.62629E+11,2.75697E+11,2.91459E+11,3.09384E+11,3.20861E+11,3.41687E+11,3.62682E+11,,,,,,,,,,,,,,,,,,,,,,,,,,,,,,,,,,,,,,,,,,,,,,,,,,,,,
Honduras,HND,GDP (current US$),NY.GDP.MKTP.CD,18528601901,18499710128,19756494435,20979767785,21717622071,23136232230,24024189736,,,,,,,,,,,,,,,,,,,,,,,,,,,,,,,,,,,,,,,,,,,,,,,,,,,,,
Heavily indebted poor countries (HIPC),HPC,GDP (current US$),NY.GDP.MKTP.CD,5.76624E+11,6.42629E+11,6.7934E+11,6.66599E+11,6.83123E+11,7.58651E+11,7.33121E+11,,,,,,,,,,,,,,,,,,,,,,,,,,,,,,,,,,,,,,,,,,,,,,,,,,,,,
Croatia,HRV,GDP (current US$),NY.GDP.MKTP.CD,56494436183,58056951042,57642879510,49530656285,51596929180,55319620158,60971699315,,,,,,,,,,,,,,,,,,,,,,,,,,,,,,,,,,,,,,,,,,,,,,,,,,,,,
Haiti,HTI,GDP (current US$),NY.GDP.MKTP.CD,7890647022,8485077205,8775444942,8724656126,7970649131,8409497402,9658721169,,,,,,,,,,,,,,,,,,,,,,,,,,,,,,,,,,,,,,,,,,,,,,,,,,,,,
Hungary,HUN,GDP (current US$),NY.GDP.MKTP.CD,1.28154E+11,1.35409E+11,1.40559E+11,1.2453E+11,1.27507E+11,1.41511E+11,1.57883E+11,,,,,,,,,,,,,,,,,,,,,,,,,,,,,,,,,,,,,,,,,,,,,,,,,,,,,
IBRD only,IBD,GDP (current US$),NY.GDP.MKTP.CD,2.51073E+13,2.65357E+13,2.74042E+13,2.58698E+13,2.60211E+13,2.86595E+13,3.04907E+13,,,,,,,,,,,,,,,,,,,,,,,,,,,,,,,,,,,,,,,,,,,,,,,,,,,,,
IDA & IBRD total,IBT,GDP (current US$),NY.GDP.MKTP.CD,2.69186E+13,2.85249E+13,2.95461E+13,2.79675E+13,2.8079E+13,3.0825E+13,3.27155E+13,,,,,,,,,,,,,,,,,,,,,,,,,,,,,,,,,,,,,,,,,,,,,,,,,,,,,
IDA total,IDA,GDP (current US$),NY.GDP.MKTP.CD,1.81491E+12,1.99651E+12,2.15338E+12,2.11055E+12,2.06902E+12,2.17452E+12,2.23296E+12,,,,,,,,,,,,,,,,,,,,,,,,,,,,,,,,,,,,,,,,,,,,,,,,,,,,,
IDA blend,IDB,GDP (current US$),NY.GDP.MKTP.CD,9.10277E+11,9.90126E+11,1.07641E+12,1.02347E+12,9.48858E+11,9.41494E+11,9.92766E+11,,,,,,,,,,,,,,,,,,,,,,,,,,,,,,,,,,,,,,,,,,,,,,,,,,,,,
Indonesia,IDN,GDP (current US$),NY.GDP.MKTP.CD,9.1787E+11,9.12524E+11,8.90815E+11,8.60854E+11,9.31877E+11,1.01542E+12,1.04217E+12,,,,,,,,,,,,,,,,,,,,,,,,,,,,,,,,,,,,,,,,,,,,,,,,,,,,,
IDA only,IDX,GDP (current US$),NY.GDP.MKTP.CD,8.9509E+11,9.96912E+11,1.06601E+12,1.07909E+12,1.11783E+12,1.23619E+12,1.24083E+12,,,,,,,,,,,,,,,,,,,,,,,,,,,,,,,,,,,,,,,,,,,,,,,,,,,,,
Isle of Man,IMN,GDP (current US$),NY.GDP.MKTP.CD,6433357030,6754330155,7428280402,6792417112,6592627599,6770532819,,,,,,,,,,,,,,,,,,,,,,,,,,,,,,,,,,,,,,,,,,,,,,,,,,,,,,
India,IND,GDP (current US$),NY.GDP.MKTP.CD,1.82764E+12,1.85672E+12,2.03913E+12,2.10359E+12,2.29043E+12,2.65224E+12,2.71873E+12,,,,,,,,,,,,,,,,,,,,,,,,,,,,,,,,,,,,,,,,,,,,,,,,,,,,,
Not classified,INX,GDP (current US$),NY.GDP.MKTP.CD,,,,,,,,,,,,,,,,,,,,,,,,,,,,,,,,,,,,,,,,,,,,,,,,,,,,,,,,,,,,
Ireland,IRL,GDP (current US$),NY.GDP.MKTP.CD,2.24999E+11,2.38544E+11,2.58472E+11,2.915E+11,3.00523E+11,3.34834E+11,3.82487E+11,,,,,,,,,,,,,,,,,,,,,,,,,,,,,,,,,,,,,,,,,,,,,,,,,,,,,
"Iran, Islamic Rep.",IRN,GDP (current US$),NY.GDP.MKTP.CD,5.98853E+11,4.67415E+11,4.34475E+11,3.85874E+11,4.18977E+11,4.54013E+11,,,,,,,,,,,,,,,,,,,,,,,,,,,,,,,,,,,,,,,,,,,,,,,,,,,,,,
Iraq,IRQ,GDP (current US$),NY.GDP.MKTP.CD,2.18001E+11,2.34638E+11,2.34648E+11,1.77499E+11,1.74879E+11,1.95473E+11,2.24228E+11,,,,,,,,,,,,,,,,,,,,,,,,,,,,,,,,,,,,,,,,,,,,,,,,,,,,,
Iceland,ISL,GDP (current US$),NY.GDP.MKTP.CD,14724078264,16033517529,17758089312,17344165907,20716024757,24489493459,25878475760,,,,,,,,,,,,,,,,,,,,,,,,,,,,,,,,,,,,,,,,,,,,,,,,,,,,,
Israel,ISR,GDP (current US$),NY.GDP.MKTP.CD,2.5718E+11,2.92636E+11,3.09558E+11,2.99813E+11,3.18951E+11,3.53253E+11,3.70588E+11,,,,,,,,,,,,,,,,,,,,,,,,,,,,,,,,,,,,,,,,,,,,,,,,,,,,,
Italy,ITA,GDP (current US$),NY.GDP.MKTP.CD,2.08708E+12,2.14132E+12,2.15913E+12,1.8359E+12,1.87558E+12,1.95696E+12,2.08386E+12,,,,,,,,,,,,,,,,,,,,,,,,,,,,,,,,,,,,,,,,,,,,,,,,,,,,,
Jamaica,JAM,GDP (current US$),NY.GDP.MKTP.CD,14807086889,14262589158,13897804560,14187696311,14075894320,14806340821,15713908816,,,,,,,,,,,,,,,,,,,,,,,,,,,,,,,,,,,,,,,,,,,,,,,,,,,,,
Jordan,JOR,GDP (current US$),NY.GDP.MKTP.CD,31371056338,34064873239,36329267606,38043450704,39196676056,40708943662,42231295775,,,,,,,,,,,,,,,,,,,,,,,,,,,,,,,,,,,,,,,,,,,,,,,,,,,,,
Japan,JPN,GDP (current US$),NY.GDP.MKTP.CD,6.20321E+12,5.15572E+12,4.85041E+12,4.38948E+12,4.92667E+12,4.85995E+12,4.97132E+12,,,,,,,,,,,,,,,,,,,,,,,,,,,,,,,,,,,,,,,,,,,,,,,,,,,,,
Kazakhstan,KAZ,GDP (current US$),NY.GDP.MKTP.CD,2.07999E+11,2.36635E+11,2.21416E+11,1.84388E+11,1.37278E+11,1.66806E+11,1.7934E+11,,,,,,,,,,,,,,,,,,,,,,,,,,,,,,,,,,,,,,,,,,,,,,,,,,,,,
Kenya,KEN,GDP (current US$),NY.GDP.MKTP.CD,50412754861,55096728048,61448046802,64007750179,69188755511,78757391333,87908262520,,,,,,,,,,,,,,,,,,,,,,,,,,,,,,,,,,,,,,,,,,,,,,,,,,,,,
Kyrgyz Republic,KGZ,GDP (current US$),NY.GDP.MKTP.CD,6605139933,7335027592,7468096567,6678178340,6813092066,7702934800,8092836609,,,,,,,,,,,,,,,,,,,,,,,,,,,,,,,,,,,,,,,,,,,,,,,,,,,,,
Cambodia,KHM,GDP (current US$),NY.GDP.MKTP.CD,14054443213,15227991395,16702610842,18049954289,20159271965,22180376506,24542474061,,,,,,,,,,,,,,,,,,,,,,,,,,,,,,,,,,,,,,,,,,,,,,,,,,,,,
Kiribati,KIR,GDP (current US$),NY.GDP.MKTP.CD,190243321.6,185113921.6,179703443.3,171117872.4,178328873,185572501.5,188284518.8,,,,,,,,,,,,,,,,,,,,,,,,,,,,,,,,,,,,,,,,,,,,,,,,,,,,,
St. Kitts and Nevis,KNA,GDP (current US$),NY.GDP.MKTP.CD,800414814.8,839774074.1,916566666.7,923155555.6,971166666.7,996944444.4,1010822222,,,,,,,,,,,,,,,,,,,,,,,,,,,,,,,,,,,,,,,,,,,,,,,,,,,,,
"Korea, Rep.",KOR,GDP (current US$),NY.GDP.MKTP.CD,1.22281E+12,1.3056E+12,1.41133E+12,1.38276E+12,1.4148E+12,1.53075E+12,1.61942E+12,,,,,,,,,,,,,,,,,,,,,,,,,,,,,,,,,,,,,,,,,,,,,,,,,,,,,
Kuwait,KWT,GDP (current US$),NY.GDP.MKTP.CD,1.7407E+11,1.74161E+11,1.62632E+11,1.14567E+11,1.0942E+11,1.20708E+11,1.40645E+11,,,,,,,,,,,,,,,,,,,,,,,,,,,,,,,,,,,,,,,,,,,,,,,,,,,,,
Latin America & Caribbean (excluding high income),LAC,GDP (current US$),NY.GDP.MKTP.CD,5.62167E+12,5.7486E+12,5.88388E+12,4.99974E+12,4.86095E+12,5.4196E+12,5.22301E+12,,,,,,,,,,,,,,,,,,,,,,,,,,,,,,,,,,,,,,,,,,,,,,,,,,,,,
Lao PDR,LAO,GDP (current US$),NY.GDP.MKTP.CD,10191350120,11942230508,13268458232,14390442307,15805692546,16853087485,17953786416,,,,,,,,,,,,,,,,,,,,,,,,,,,,,,,,,,,,,,,,,,,,,,,,,,,,,
Lebanon,LBN,GDP (current US$),NY.GDP.MKTP.CD,44230727695,46866579768,48296099502,49973893201,51239050083,53393799668,56639155556,,,,,,,,,,,,,,,,,,,,,,,,,,,,,,,,,,,,,,,,,,,,,,,,,,,,,
Liberia,LBR,GDP (current US$),NY.GDP.MKTP.CD,2721000000,3067000000,3144000000,3177000000,3277826000,3285455000,3264000000,,,,,,,,,,,,,,,,,,,,,,,,,,,,,,,,,,,,,,,,,,,,,,,,,,,,,
Libya,LBY,GDP (current US$),NY.GDP.MKTP.CD,81873662519,65502870174,41142722414,27842131480,26197143268,37881431913,48364208571,,,,,,,,,,,,,,,,,,,,,,,,,,,,,,,,,,,,,,,,,,,,,,,,,,,,,
St. Lucia,LCA,GDP (current US$),NY.GDP.MKTP.CD,1440016852,1483814333,1559072148,1659110889,1701596815,1816728741,1921848222,,,,,,,,,,,,,,,,,,,,,,,,,,,,,,,,,,,,,,,,,,,,,,,,,,,,,
Latin America & Caribbean,LCN,GDP (current US$),NY.GDP.MKTP.CD,6.14322E+12,6.29512E+12,6.41768E+12,5.52148E+12,5.39296E+12,5.98714E+12,5.81883E+12,,,,,,,,,,,,,,,,,,,,,,,,,,,,,,,,,,,,,,,,,,,,,,,,,,,,,
Least developed countries: UN classification,LDC,GDP (current US$),NY.GDP.MKTP.CD,8.26883E+11,9.00519E+11,9.75049E+11,9.6465E+11,9.75619E+11,1.09487E+12,1.06821E+12,,,,,,,,,,,,,,,,,,,,,,,,,,,,,,,,,,,,,,,,,,,,,,,,,,,,,
Low income,LIC,GDP (current US$),NY.GDP.MKTP.CD,4.5502E+11,5.0145E+11,5.32854E+11,5.24024E+11,5.12754E+11,5.47068E+11,5.93157E+11,,,,,,,,,,,,,,,,,,,,,,,,,,,,,,,,,,,,,,,,,,,,,,,,,,,,,
Liechtenstein,LIE,GDP (current US$),NY.GDP.MKTP.CD,5456009385,6391735894,6657170923,6268391521,6214633651,,,,,,,,,,,,,,,,,,,,,,,,,,,,,,,,,,,,,,,,,,,,,,,,,,,,,,,
Sri Lanka,LKA,GDP (current US$),NY.GDP.MKTP.CD,68434409315,74317806538,79356449841,80604080689,82401038710,88019706804,88900770858,,,,,,,,,,,,,,,,,,,,,,,,,,,,,,,,,,,,,,,,,,,,,,,,,,,,,
Lower middle income,LMC,GDP (current US$),NY.GDP.MKTP.CD,5.29352E+12,5.52979E+12,5.82526E+12,5.7837E+12,6.02416E+12,6.52158E+12,6.70179E+12,,,,,,,,,,,,,,,,,,,,,,,,,,,,,,,,,,,,,,,,,,,,,,,,,,,,,
Low & middle income,LMY,GDP (current US$),NY.GDP.MKTP.CD,2.60784E+13,2.76412E+13,2.86596E+13,2.71821E+13,2.72951E+13,2.99558E+13,3.17567E+13,,,,,,,,,,,,,,,,,,,,,,,,,,,,,,,,,,,,,,,,,,,,,,,,,,,,,
Lesotho,LSO,GDP (current US$),NY.GDP.MKTP.CD,2677545056,2533992455,2608269552,2289799040,2314323471,2565352373,2738786278,,,,,,,,,,,,,,,,,,,,,,,,,,,,,,,,,,,,,,,,,,,,,,,,,,,,,
Late-demographic dividend,LTE,GDP (current US$),NY.GDP.MKTP.CD,1.76099E+13,1.89835E+13,1.96635E+13,1.84242E+13,1.8424E+13,2.03762E+13,2.22001E+13,,,,,,,,,,,,,,,,,,,,,,,,,,,,,,,,,,,,,,,,,,,,,,,,,,,,,
Lithuania,LTU,GDP (current US$),NY.GDP.MKTP.CD,42826586830,46450990764,48485169331,41392396558,43021972485,47632961168,53429066429,,,,,,,,,,,,,,,,,,,,,,,,,,,,,,,,,,,,,,,,,,,,,,,,,,,,,
Luxembourg,LUX,GDP (current US$),NY.GDP.MKTP.CD,56677961787,61739352212,66103853237,57744457955,60691483443,64023412340,70885325883,,,,,,,,,,,,,,,,,,,,,,,,,,,,,,,,,,,,,,,,,,,,,,,,,,,,,
Latvia,LVA,GDP (current US$),NY.GDP.MKTP.CD,28170812352,30276485436,31382780146,27090019663,27734140217,30198231776,34409229178,,,,,,,,,,,,,,,,,,,,,,,,,,,,,,,,,,,,,,,,,,,,,,,,,,,,,
"Macao SAR, China",MAC,GDP (current US$),NY.GDP.MKTP.CD,43031577366,51552075902,55347998648,45361678147,45387299721,50751059058,55084050790,,,,,,,,,,,,,,,,,,,,,,,,,,,,,,,,,,,,,,,,,,,,,,,,,,,,,
St. Martin (French part),MAF,GDP (current US$),NY.GDP.MKTP.CD,,,,,,,,,,,,,,,,,,,,,,,,,,,,,,,,,,,,,,,,,,,,,,,,,,,,,,,,,,,,
Morocco,MAR,GDP (current US$),NY.GDP.MKTP.CD,98266306615,1.06826E+11,1.10081E+11,1.0118E+11,1.03312E+11,1.09714E+11,1.17921E+11,,,,,,,,,,,,,,,,,,,,,,,,,,,,,,,,,,,,,,,,,,,,,,,,,,,,,
Monaco,MCO,GDP (current US$),NY.GDP.MKTP.CD,5743029680,6553372278,7060236168,6258844405,6468694690,6415370746,7184844193,,,,,,,,,,,,,,,,,,,,,,,,,,,,,,,,,,,,,,,,,,,,,,,,,,,,,
Moldova,MDA,GDP (current US$),NY.GDP.MKTP.CD,8709165249,9496684622,9510219299,7745231660,8071480541,9669759987,11443671436,,,,,,,,,,,,,,,,,,,,,,,,,,,,,,,,,,,,,,,,,,,,,,,,,,,,,
Madagascar,MDG,GDP (current US$),NY.GDP.MKTP.CD,11578974888,12423555269,12522957228,11323020829,11848613735,13176313594,13853432868,,,,,,,,,,,,,,,,,,,,,,,,,,,,,,,,,,,,,,,,,,,,,,,,,,,,,
Maldives,MDV,GDP (current US$),NY.GDP.MKTP.CD,2886170572,3295011382,3697351597,4109424800,4379136462,4735989972,5327457150,,,,,,,,,,,,,,,,,,,,,,,,,,,,,,,,,,,,,,,,,,,,,,,,,,,,,
Middle East & North Africa,MEA,GDP (current US$),NY.GDP.MKTP.CD,3.57577E+12,3.55451E+12,3.57001E+12,3.14649E+12,3.15467E+12,3.27373E+12,3.6112E+12,,,,,,,,,,,,,,,,,,,,,,,,,,,,,,,,,,,,,,,,,,,,,,,,,,,,,
Mexico,MEX,GDP (current US$),NY.GDP.MKTP.CD,1.20109E+12,1.27444E+12,1.31456E+12,1.17056E+12,1.0779E+12,1.15774E+12,1.2207E+12,,,,,,,,,,,,,,,,,,,,,,,,,,,,,,,,,,,,,,,,,,,,,,,,,,,,,
Marshall Islands,MHL,GDP (current US$),NY.GDP.MKTP.CD,182874800,187707400,184689500,184599600,200558400,212881000,221278000,,,,,,,,,,,,,,,,,,,,,,,,,,,,,,,,,,,,,,,,,,,,,,,,,,,,,
Middle income,MIC,GDP (current US$),NY.GDP.MKTP.CD,2.56197E+13,2.71399E+13,2.81296E+13,2.66643E+13,2.67857E+13,2.94091E+13,3.11666E+13,,,,,,,,,,,,,,,,,,,,,,,,,,,,,,,,,,,,,,,,,,,,,,,,,,,,,
North Macedonia,MKD,GDP (current US$),NY.GDP.MKTP.CD,9745251126,10817712139,11362272838,10064515432,10672471861,11279509014,12672131053,,,,,,,,,,,,,,,,,,,,,,,,,,,,,,,,,,,,,,,,,,,,,,,,,,,,,
Mali,MLI,GDP (current US$),NY.GDP.MKTP.CD,12442747897,13246412031,14345831015,13099497220,14010787738,15337740141,17163432832,,,,,,,,,,,,,,,,,,,,,,,,,,,,,,,,,,,,,,,,,,,,,,,,,,,,,
Malta,MLT,GDP (current US$),NY.GDP.MKTP.CD,9209873466,10154463059,11303729347,10715545899,11452895367,12768671650,14553422929,,,,,,,,,,,,,,,,,,,,,,,,,,,,,,,,,,,,,,,,,,,,,,,,,,,,,
Myanmar,MMR,GDP (current US$),NY.GDP.MKTP.CD,59937797559,60269734045,65446199788,59687410897,63256184700,66719084253,71214803378,,,,,,,,,,,,,,,,,,,,,,,,,,,,,,,,,,,,,,,,,,,,,,,,,,,,,
Middle East & North Africa (excluding high income),MNA,GDP (current US$),NY.GDP.MKTP.CD,1.7291E+12,1.62533E+12,1.59947E+12,1.44257E+12,1.45884E+12,1.4403E+12,,,,,,,,,,,,,,,,,,,,,,,,,,,,,,,,,,,,,,,,,,,,,,,,,,,,,,
Montenegro,MNE,GDP (current US$),NY.GDP.MKTP.CD,4087725813,4464261816,4587928884,4052913386,4374128319,4844592067,5504166667,,,,,,,,,,,,,,,,,,,,,,,,,,,,,,,,,,,,,,,,,,,,,,,,,,,,,
Mongolia,MNG,GDP (current US$),NY.GDP.MKTP.CD,12292770631,12582122604,12226514722,11749620620,11186734674,11425755280,13066749138,,,,,,,,,,,,,,,,,,,,,,,,,,,,,,,,,,,,,,,,,,,,,,,,,,,,,
Northern Mariana Islands,MNP,GDP (current US$),NY.GDP.MKTP.CD,751000000,782000000,845000000,931000000,1250000000,1601000000,1323000000,,,,,,,,,,,,,,,,,,,,,,,,,,,,,,,,,,,,,,,,,,,,,,,,,,,,,
Mozambique,MOZ,GDP (current US$),NY.GDP.MKTP.CD,16350804543,16974320551,17716084108,15950969019,11936999283,13219084261,14717223207,,,,,,,,,,,,,,,,,,,,,,,,,,,,,,,,,,,,,,,,,,,,,,,,,,,,,
Mauritania,MRT,GDP (current US$),NY.GDP.MKTP.CD,5231255478,5639818812,5391555434,4828858025,4679346591,4905893855,5234817927,,,,,,,,,,,,,,,,,,,,,,,,,,,,,,,,,,,,,,,,,,,,,,,,,,,,,
Mauritius,MUS,GDP (current US$),NY.GDP.MKTP.CD,11668685524,12129642296,12803445934,11692287066,12232463656,13259351418,14220348673,,,,,,,,,,,,,,,,,,,,,,,,,,,,,,,,,,,,,,,,,,,,,,,,,,,,,
Malawi,MWI,GDP (current US$),NY.GDP.MKTP.CD,6028487929,5518880769,6047813437,6373212641,5433040160,6303292264,7064971176,,,,,,,,,,,,,,,,,,,,,,,,,,,,,,,,,,,,,,,,,,,,,,,,,,,,,
Malaysia,MYS,GDP (current US$),NY.GDP.MKTP.CD,3.14443E+11,3.23277E+11,3.38062E+11,3.01355E+11,3.01255E+11,3.18958E+11,3.58582E+11,,,,,,,,,,,,,,,,,,,,,,,,,,,,,,,,,,,,,,,,,,,,,,,,,,,,,
North America,NAC,GDP (current US$),NY.GDP.MKTP.CD,1.80265E+13,1.86324E+13,1.9329E+13,1.97781E+13,2.02399E+13,2.11386E+13,2.22643E+13,,,,,,,,,,,,,,,,,,,,,,,,,,,,,,,,,,,,,,,,,,,,,,,,,,,,,
Namibia,NAM,GDP (current US$),NY.GDP.MKTP.CD,13016272899,12717790505,12786078008,11650656642,11286139080,13566192144,14521711634,,,,,,,,,,,,,,,,,,,,,,,,,,,,,,,,,,,,,,,,,,,,,,,,,,,,,
New Caledonia,NCL,GDP (current US$),NY.GDP.MKTP.CD,,,,,,,,,,,,,,,,,,,,,,,,,,,,,,,,,,,,,,,,,,,,,,,,,,,,,,,,,,,,
Niger,NER,GDP (current US$),NY.GDP.MKTP.CD,6942258305,7667952566,8229731384,7217667781,7528285444,8119710126,9290938457,,,,,,,,,,,,,,,,,,,,,,,,,,,,,,,,,,,,,,,,,,,,,,,,,,,,,
Nigeria,NGA,GDP (current US$),NY.GDP.MKTP.CD,4.59376E+11,5.14966E+11,5.68499E+11,4.94583E+11,4.0465E+11,3.75745E+11,3.9727E+11,,,,,,,,,,,,,,,,,,,,,,,,,,,,,,,,,,,,,,,,,,,,,,,,,,,,,
Nicaragua,NIC,GDP (current US$),NY.GDP.MKTP.CD,10531964139,10982979274,11880472593,12756706583,13286048705,13785943183,13063873078,,,,,,,,,,,,,,,,,,,,,,,,,,,,,,,,,,,,,,,,,,,,,,,,,,,,,
Netherlands,NLD,GDP (current US$),NY.GDP.MKTP.CD,8.38971E+11,8.76924E+11,8.90981E+11,7.65265E+11,7.83528E+11,8.3181E+11,9.13658E+11,,,,,,,,,,,,,,,,,,,,,,,,,,,,,,,,,,,,,,,,,,,,,,,,,,,,,
Norway,NOR,GDP (current US$),NY.GDP.MKTP.CD,5.09506E+11,5.22762E+11,4.9841E+11,3.85802E+11,3.68827E+11,3.98394E+11,4.34167E+11,,,,,,,,,,,,,,,,,,,,,,,,,,,,,,,,,,,,,,,,,,,,,,,,,,,,,
Nepal,NPL,GDP (current US$),NY.GDP.MKTP.CD,18851513891,19271168018,20002968838,21410840909,21185922408,25180583770,29040398982,,,,,,,,,,,,,,,,,,,,,,,,,,,,,,,,,,,,,,,,,,,,,,,,,,,,,
Nauru,NRU,GDP (current US$),NY.GDP.MKTP.CD,103833367.7,108634964.6,117009639.2,99966636.16,102052700.5,113884908.4,125628504.3,,,,,,,,,,,,,,,,,,,,,,,,,,,,,,,,,,,,,,,,,,,,,,,,,,,,,
New Zealand,NZL,GDP (current US$),NY.GDP.MKTP.CD,1.76194E+11,1.90784E+11,2.00834E+11,1.77208E+11,1.87854E+11,2.02591E+11,2.04924E+11,,,,,,,,,,,,,,,,,,,,,,,,,,,,,,,,,,,,,,,,,,,,,,,,,,,,,
OECD members,OED,GDP (current US$),NY.GDP.MKTP.CD,4.79846E+13,4.86172E+13,4.9644E+13,4.68961E+13,4.77945E+13,4.98067E+13,5.26762E+13,,,,,,,,,,,,,,,,,,,,,,,,,,,,,,,,,,,,,,,,,,,,,,,,,,,,,
Oman,OMN,GDP (current US$),NY.GDP.MKTP.CD,76689206762,78784395319,81076723017,68921456437,65941482445,70597919376,79276723017,,,,,,,,,,,,,,,,,,,,,,,,,,,,,,,,,,,,,,,,,,,,,,,,,,,,,
Other small states,OSS,GDP (current US$),NY.GDP.MKTP.CD,4.16144E+11,4.3298E+11,4.47117E+11,3.70789E+11,3.66861E+11,4.0513E+11,4.51623E+11,,,,,,,,,,,,,,,,,,,,,,,,,,,,,,,,,,,,,,,,,,,,,,,,,,,,,
Pakistan,PAK,GDP (current US$),NY.GDP.MKTP.CD,2.24384E+11,2.31219E+11,2.44361E+11,2.70556E+11,2.78655E+11,3.04567E+11,3.14588E+11,,,,,,,,,,,,,,,,,,,,,,,,,,,,,,,,,,,,,,,,,,,,,,,,,,,,,
Panama,PAN,GDP (current US$),NY.GDP.MKTP.CD,40429700000,45600000000,49921500000,54091700000,57957600000,62283800000,65055100000,,,,,,,,,,,,,,,,,,,,,,,,,,,,,,,,,,,,,,,,,,,,,,,,,,,,,
Peru,PER,GDP (current US$),NY.GDP.MKTP.CD,1.92649E+11,2.01175E+11,2.00789E+11,1.89805E+11,1.91896E+11,2.11007E+11,2.22045E+11,,,,,,,,,,,,,,,,,,,,,,,,,,,,,,,,,,,,,,,,,,,,,,,,,,,,,
Philippines,PHL,GDP (current US$),NY.GDP.MKTP.CD,2.50092E+11,2.71836E+11,2.84585E+11,2.92774E+11,3.04898E+11,3.1362E+11,3.3091E+11,,,,,,,,,,,,,,,,,,,,,,,,,,,,,,,,,,,,,,,,,,,,,,,,,,,,,
Palau,PLW,GDP (current US$),NY.GDP.MKTP.CD,211103300,223388400,243147000,280376100,300125600,286321800,283994900,,,,,,,,,,,,,,,,,,,,,,,,,,,,,,,,,,,,,,,,,,,,,,,,,,,,,
Papua New Guinea,PNG,GDP (current US$),NY.GDP.MKTP.CD,21295659249,21261432775,23210682537,21723531182,20759069105,22742613549,23497607690,,,,,,,,,,,,,,,,,,,,,,,,,,,,,,,,,,,,,,,,,,,,,,,,,,,,,
Poland,POL,GDP (current US$),NY.GDP.MKTP.CD,5.00361E+11,5.24234E+11,5.45389E+11,4.77577E+11,4.72028E+11,5.26216E+11,5.85664E+11,,,,,,,,,,,,,,,,,,,,,,,,,,,,,,,,,,,,,,,,,,,,,,,,,,,,,
Pre-demographic dividend,PRE,GDP (current US$),NY.GDP.MKTP.CD,1.30845E+12,1.43565E+12,1.53309E+12,1.34485E+12,1.23848E+12,1.31976E+12,1.32431E+12,,,,,,,,,,,,,,,,,,,,,,,,,,,,,,,,,,,,,,,,,,,,,,,,,,,,,
Puerto Rico,PRI,GDP (current US$),NY.GDP.MKTP.CD,1.01565E+11,1.0245E+11,1.02446E+11,1.03376E+11,1.04337E+11,1.0425E+11,1.01131E+11,,,,,,,,,,,,,,,,,,,,,,,,,,,,,,,,,,,,,,,,,,,,,,,,,,,,,
"Korea, Dem. People’s Rep.",PRK,GDP (current US$),NY.GDP.MKTP.CD,,,,,,,,,,,,,,,,,,,,,,,,,,,,,,,,,,,,,,,,,,,,,,,,,,,,,,,,,,,,
Portugal,PRT,GDP (current US$),NY.GDP.MKTP.CD,2.16237E+11,2.2637E+11,2.29596E+11,1.99314E+11,2.06286E+11,2.20811E+11,2.40675E+11,,,,,,,,,,,,,,,,,,,,,,,,,,,,,,,,,,,,,,,,,,,,,,,,,,,,,
Paraguay,PRY,GDP (current US$),NY.GDP.MKTP.CD,33283228891,38585317743,40276532541,36164068797,36054281572,39008900332,40496953779,,,,,,,,,,,,,,,,,,,,,,,,,,,,,,,,,,,,,,,,,,,,,,,,,,,,,
West Bank and Gaza,PSE,GDP (current US$),NY.GDP.MKTP.CD,11279400000,12476000000,12715600000,12673000000,13425700000,14498100000,14615900000,,,,,,,,,,,,,,,,,,,,,,,,,,,,,,,,,,,,,,,,,,,,,,,,,,,,,
Pacific island small states,PSS,GDP (current US$),NY.GDP.MKTP.CD,8103477898,8401992508,9126129404,8908674905,9315360628,10011104666,10381220343,,,,,,,,,,,,,,,,,,,,,,,,,,,,,,,,,,,,,,,,,,,,,,,,,,,,,
Post-demographic dividend,PST,GDP (current US$),NY.GDP.MKTP.CD,4.55573E+13,4.60067E+13,4.69491E+13,4.44271E+13,4.54052E+13,4.72729E+13,5.00907E+13,,,,,,,,,,,,,,,,,,,,,,,,,,,,,,,,,,,,,,,,,,,,,,,,,,,,,
French Polynesia,PYF,GDP (current US$),NY.GDP.MKTP.CD,,,,,,,,,,,,,,,,,,,,,,,,,,,,,,,,,,,,,,,,,,,,,,,,,,,,,,,,,,,,
Qatar,QAT,GDP (current US$),NY.GDP.MKTP.CD,1.86834E+11,1.98728E+11,2.06225E+11,1.6174E+11,1.51732E+11,1.66929E+11,1.91362E+11,,,,,,,,,,,,,,,,,,,,,,,,,,,,,,,,,,,,,,,,,,,,,,,,,,,,,
Romania,ROU,GDP (current US$),NY.GDP.MKTP.CD,1.71196E+11,1.90949E+11,1.99627E+11,1.77893E+11,1.88494E+11,2.11695E+11,2.39553E+11,,,,,,,,,,,,,,,,,,,,,,,,,,,,,,,,,,,,,,,,,,,,,,,,,,,,,
Russian Federation,RUS,GDP (current US$),NY.GDP.MKTP.CD,2.21026E+12,2.29713E+12,2.05998E+12,1.36359E+12,1.28272E+12,1.57862E+12,1.65755E+12,,,,,,,,,,,,,,,,,,,,,,,,,,,,,,,,,,,,,,,,,,,,,,,,,,,,,
Rwanda,RWA,GDP (current US$),NY.GDP.MKTP.CD,7428848122,7621924854,8016593394,8277614581,8475622319,9140429058,9508715596,,,,,,,,,,,,,,,,,,,,,,,,,,,,,,,,,,,,,,,,,,,,,,,,,,,,,
South Asia,SAS,GDP (current US$),NY.GDP.MKTP.CD,2.29733E+12,2.35713E+12,2.58182E+12,2.69726E+12,2.91999E+12,3.34711E+12,3.45242E+12,,,,,,,,,,,,,,,,,,,,,,,,,,,,,,,,,,,,,,,,,,,,,,,,,,,,,
Saudi Arabia,SAU,GDP (current US$),NY.GDP.MKTP.CD,7.35975E+11,7.46647E+11,7.5635E+11,6.5427E+11,6.44936E+11,6.88586E+11,7.86522E+11,,,,,,,,,,,,,,,,,,,,,,,,,,,,,,,,,,,,,,,,,,,,,,,,,,,,,
Sudan,SDN,GDP (current US$),NY.GDP.MKTP.CD,68125631150,72065940086,82151588419,96741742022,95558220777,1.23053E+11,40851536134,,,,,,,,,,,,,,,,,,,,,,,,,,,,,,,,,,,,,,,,,,,,,,,,,,,,,
Senegal,SEN,GDP (current US$),NY.GDP.MKTP.CD,17825417949,18960182371,19770840286,17767704597,19027392876,21081669870,24129599552,,,,,,,,,,,,,,,,,,,,,,,,,,,,,,,,,,,,,,,,,,,,,,,,,,,,,
Singapore,SGP,GDP (current US$),NY.GDP.MKTP.CD,2.95087E+11,3.07576E+11,3.14851E+11,3.08004E+11,3.18068E+11,3.38406E+11,3.64157E+11,,,,,,,,,,,,,,,,,,,,,,,,,,,,,,,,,,,,,,,,,,,,,,,,,,,,,
Solomon Islands,SLB,GDP (current US$),NY.GDP.MKTP.CD,1063879446,1129787198,1172268301,1154650069,1230459710,1309631135,1395608472,,,,,,,,,,,,,,,,,,,,,,,,,,,,,,,,,,,,,,,,,,,,,,,,,,,,,
Sierra Leone,SLE,GDP (current US$),NY.GDP.MKTP.CD,3801862611,4920343195,5015157816,4218723875,3674794530,3739577973,4085114794,,,,,,,,,,,,,,,,,,,,,,,,,,,,,,,,,,,,,,,,,,,,,,,,,,,,,
El Salvador,SLV,GDP (current US$),NY.GDP.MKTP.CD,21386000000,21991000000,22593000000,23438000000,24154000000,24928000000,26057000000,,,,,,,,,,,,,,,,,,,,,,,,,,,,,,,,,,,,,,,,,,,,,,,,,,,,,
San Marino,SMR,GDP (current US$),NY.GDP.MKTP.CD,1800077091,1865374403,1788510017,1523012088,1564380531,1632860041,,,,,,,,,,,,,,,,,,,,,,,,,,,,,,,,,,,,,,,,,,,,,,,,,,,,,,
Somalia,SOM,GDP (current US$),NY.GDP.MKTP.CD,,3892402685,3963532309,4048860871,4198485404,4508845348,4720727278,,,,,,,,,,,,,,,,,,,,,,,,,,,,,,,,,,,,,,,,,,,,,,,,,,,,,
Serbia,SRB,GDP (current US$),NY.GDP.MKTP.CD,43309252921,48394239475,47062206678,39628550869,40630392019,44120424392,50597289147,,,,,,,,,,,,,,,,,,,,,,,,,,,,,,,,,,,,,,,,,,,,,,,,,,,,,
Sub-Saharan Africa (excluding high income),SSA,GDP (current US$),NY.GDP.MKTP.CD,1.64267E+12,1.74975E+12,1.83296E+12,1.66554E+12,1.55847E+12,1.69312E+12,1.7121E+12,,,,,,,,,,,,,,,,,,,,,,,,,,,,,,,,,,,,,,,,,,,,,,,,,,,,,
South Sudan,SSD,GDP (current US$),NY.GDP.MKTP.CD,11931472173,18426469030,13962212837,11997800751,,,,,,,,,,,,,,,,,,,,,,,,,,,,,,,,,,,,,,,,,,,,,,,,,,,,,,,,
Sub-Saharan Africa,SSF,GDP (current US$),NY.GDP.MKTP.CD,1.64373E+12,1.75108E+12,1.83431E+12,1.66691E+12,1.55989E+12,1.69462E+12,1.7137E+12,,,,,,,,,,,,,,,,,,,,,,,,,,,,,,,,,,,,,,,,,,,,,,,,,,,,,
Small states,SST,GDP (current US$),NY.GDP.MKTP.CD,4.94932E+11,5.13433E+11,5.29233E+11,4.51346E+11,4.44283E+11,4.84743E+11,5.35511E+11,,,,,,,,,,,,,,,,,,,,,,,,,,,,,,,,,,,,,,,,,,,,,,,,,,,,,
Sao Tome and Principe,STP,GDP (current US$),NY.GDP.MKTP.CD,252560556,302925488.1,348941656.4,318265835.3,347545391.8,375040173.8,422296762.3,,,,,,,,,,,,,,,,,,,,,,,,,,,,,,,,,,,,,,,,,,,,,,,,,,,,,
Suriname,SUR,GDP (current US$),NY.GDP.MKTP.CD,4980000000,5145757576,5240606061,4787367928,3166040523,3068766110,3590753769,,,,,,,,,,,,,,,,,,,,,,,,,,,,,,,,,,,,,,,,,,,,,,,,,,,,,
Slovak Republic,SVK,GDP (current US$),NY.GDP.MKTP.CD,94416582465,98723944144,1.01171E+11,88457167724,89640741266,95241436352,1.05905E+11,,,,,,,,,,,,,,,,,,,,,,,,,,,,,,,,,,,,,,,,,,,,,,,,,,,,,
Slovenia,SVN,GDP (current US$),NY.GDP.MKTP.CD,46580457470,48401896410,49930685013,43090173062,44651537260,48441722816,54007972106,,,,,,,,,,,,,,,,,,,,,,,,,,,,,,,,,,,,,,,,,,,,,,,,,,,,,
Sweden,SWE,GDP (current US$),NY.GDP.MKTP.CD,5.50927E+11,5.84638E+11,5.80249E+11,5.03651E+11,5.15744E+11,5.40545E+11,5.56086E+11,,,,,,,,,,,,,,,,,,,,,,,,,,,,,,,,,,,,,,,,,,,,,,,,,,,,,
Eswatini,SWZ,GDP (current US$),NY.GDP.MKTP.CD,4886658800,4597702898,4422304977,4073390988,3840677845,4446248678,4710618472,,,,,,,,,,,,,,,,,,,,,,,,,,,,,,,,,,,,,,,,,,,,,,,,,,,,,
Sint Maarten (Dutch part),SXM,GDP (current US$),NY.GDP.MKTP.CD,,,,,,,,,,,,,,,,,,,,,,,,,,,,,,,,,,,,,,,,,,,,,,,,,,,,,,,,,,,,
Seychelles,SYC,GDP (current US$),NY.GDP.MKTP.CD,1060226126,1328157609,1343007845,1377495054,1427524565,1503168690,1590180446,,,,,,,,,,,,,,,,,,,,,,,,,,,,,,,,,,,,,,,,,,,,,,,,,,,,,
Syrian Arab Republic,SYR,GDP (current US$),NY.GDP.MKTP.CD,,,,,,,,,,,,,,,,,,,,,,,,,,,,,,,,,,,,,,,,,,,,,,,,,,,,,,,,,,,,
Turks and Caicos Islands,TCA,GDP (current US$),NY.GDP.MKTP.CD,715722770,740776770,823968140,893501650,950357510,962525840,1022312010,,,,,,,,,,,,,,,,,,,,,,,,,,,,,,,,,,,,,,,,,,,,,,,,,,,,,
Chad,TCD,GDP (current US$),NY.GDP.MKTP.CD,12368071039,12949854263,13922223234,10945989472,10090922857,9975692095,11273115239,,,,,,,,,,,,,,,,,,,,,,,,,,,,,,,,,,,,,,,,,,,,,,,,,,,,,
East Asia & Pacific (IDA & IBRD countries),TEA,GDP (current US$),NY.GDP.MKTP.CD,1.0695E+13,1.18007E+13,1.2687E+13,1.32012E+13,1.34357E+13,1.46221E+13,1.62522E+13,,,,,,,,,,,,,,,,,,,,,,,,,,,,,,,,,,,,,,,,,,,,,,,,,,,,,
Europe & Central Asia (IDA & IBRD countries),TEC,GDP (current US$),NY.GDP.MKTP.CD,4.62738E+12,4.90963E+12,4.64032E+12,3.61676E+12,3.48468E+12,3.90531E+12,4.0577E+12,,,,,,,,,,,,,,,,,,,,,,,,,,,,,,,,,,,,,,,,,,,,,,,,,,,,,
Togo,TGO,GDP (current US$),NY.GDP.MKTP.CD,3873308389,4321655656,4574986537,4180866177,4486979198,4819949975,5356344850,,,,,,,,,,,,,,,,,,,,,,,,,,,,,,,,,,,,,,,,,,,,,,,,,,,,,
Thailand,THA,GDP (current US$),NY.GDP.MKTP.CD,3.97558E+11,4.20333E+11,4.07339E+11,4.01296E+11,4.12353E+11,4.55276E+11,5.04993E+11,,,,,,,,,,,,,,,,,,,,,,,,,,,,,,,,,,,,,,,,,,,,,,,,,,,,,
Tajikistan,TJK,GDP (current US$),NY.GDP.MKTP.CD,7633049792,8448469838,9112544556,7854602392,6952678127,7157865188,7522947810,,,,,,,,,,,,,,,,,,,,,,,,,,,,,,,,,,,,,,,,,,,,,,,,,,,,,
Turkmenistan,TKM,GDP (current US$),NY.GDP.MKTP.CD,35164210526,39197543860,43524210526,35799714286,36180000000,37926285714,40761142857,,,,,,,,,,,,,,,,,,,,,,,,,,,,,,,,,,,,,,,,,,,,,,,,,,,,,
Latin America & the Caribbean (IDA & IBRD countries),TLA,GDP (current US$),NY.GDP.MKTP.CD,5.93511E+12,6.08226E+12,6.2007E+12,5.29309E+12,5.158E+12,5.74697E+12,5.57804E+12,,,,,,,,,,,,,,,,,,,,,,,,,,,,,,,,,,,,,,,,,,,,,,,,,,,,,
Timor-Leste,TLS,GDP (current US$),NY.GDP.MKTP.CD,1147780083,1395525350,1447312264,1596658767,1656039024,1609669330,1568611562,,,,,,,,,,,,,,,,,,,,,,,,,,,,,,,,,,,,,,,,,,,,,,,,,,,,,
Middle East & North Africa (IDA & IBRD countries),TMN,GDP (current US$),NY.GDP.MKTP.CD,1.71783E+12,1.61278E+12,1.58666E+12,1.42976E+12,1.44525E+12,1.42559E+12,,,,,,,,,,,,,,,,,,,,,,,,,,,,,,,,,,,,,,,,,,,,,,,,,,,,,,
Tonga,TON,GDP (current US$),NY.GDP.MKTP.CD,472358251.2,450686353.7,443911052.3,435438217.3,401109307.4,430174168.7,450353313.9,,,,,,,,,,,,,,,,,,,,,,,,,,,,,,,,,,,,,,,,,,,,,,,,,,,,,
South Asia (IDA & IBRD),TSA,GDP (current US$),NY.GDP.MKTP.CD,2.29733E+12,2.35713E+12,2.58182E+12,2.69726E+12,2.91999E+12,3.34711E+12,3.45242E+12,,,,,,,,,,,,,,,,,,,,,,,,,,,,,,,,,,,,,,,,,,,,,,,,,,,,,
Sub-Saharan Africa (IDA & IBRD countries),TSS,GDP (current US$),NY.GDP.MKTP.CD,1.64373E+12,1.75108E+12,1.83431E+12,1.66691E+12,1.55989E+12,1.69462E+12,1.7137E+12,,,,,,,,,,,,,,,,,,,,,,,,,,,,,,,,,,,,,,,,,,,,,,,,,,,,,
Trinidad and Tobago,TTO,GDP (current US$),NY.GDP.MKTP.CD,25763220107,27268478565,27615843098,25062893969,22284780327,22474828527,23808146748,,,,,,,,,,,,,,,,,,,,,,,,,,,,,,,,,,,,,,,,,,,,,,,,,,,,,
Tunisia,TUN,GDP (current US$),NY.GDP.MKTP.CD,45044112939,46251061734,47632326088,43173480832,41802653631,39813383484,39871132268,,,,,,,,,,,,,,,,,,,,,,,,,,,,,,,,,,,,,,,,,,,,,,,,,,,,,
Turkey,TUR,GDP (current US$),NY.GDP.MKTP.CD,8.73982E+11,9.50579E+11,9.34186E+11,8.59797E+11,8.63722E+11,8.52677E+11,7.7135E+11,,,,,,,,,,,,,,,,,,,,,,,,,,,,,,,,,,,,,,,,,,,,,,,,,,,,,
Tuvalu,TUV,GDP (current US$),NY.GDP.MKTP.CD,37671734.49,37507514.54,37291841.43,35492333.86,36547419.87,40620557.13,42587778.47,,,,,,,,,,,,,,,,,,,,,,,,,,,,,,,,,,,,,,,,,,,,,,,,,,,,,
Tanzania,TZA,GDP (current US$),NY.GDP.MKTP.CD,39650530214,45680532614,49964788814,47378599025,49774021003,53320625959,58001200572,,,,,,,,,,,,,,,,,,,,,,,,,,,,,,,,,,,,,,,,,,,,,,,,,,,,,
Uganda,UGA,GDP (current US$),NY.GDP.MKTP.CD,23114293416,24599550624,27291879819,27102650387,24133664285,25995031850,27461440192,,,,,,,,,,,,,,,,,,,,,,,,,,,,,,,,,,,,,,,,,,,,,,,,,,,,,
Ukraine,UKR,GDP (current US$),NY.GDP.MKTP.CD,1.75781E+11,1.8331E+11,1.33503E+11,91030959455,93355993629,1.1219E+11,1.30832E+11,,,,,,,,,,,,,,,,,,,,,,,,,,,,,,,,,,,,,,,,,,,,,,,,,,,,,
Upper middle income,UMC,GDP (current US$),NY.GDP.MKTP.CD,2.03262E+13,2.16101E+13,2.23043E+13,2.08749E+13,2.0751E+13,2.2878E+13,2.44637E+13,,,,,,,,,,,,,,,,,,,,,,,,,,,,,,,,,,,,,,,,,,,,,,,,,,,,,
Uruguay,URY,GDP (current US$),NY.GDP.MKTP.CD,51264390114,57531233351,57236013058,53274304222,52687612262,56488991831,59596885024,,,,,,,,,,,,,,,,,,,,,,,,,,,,,,,,,,,,,,,,,,,,,,,,,,,,,
United States,USA,GDP (current US$),NY.GDP.MKTP.CD,1.6197E+13,1.67848E+13,1.75217E+13,1.82193E+13,1.87072E+13,1.94854E+13,2.05443E+13,,,,,,,,,,,,,,,,,,,,,,,,,,,,,,,,,,,,,,,,,,,,,,,,,,,,,
Uzbekistan,UZB,GDP (current US$),NY.GDP.MKTP.CD,63628854499,68997168338,76658542757,81847410182,81779012351,59159945321,50499921558,,,,,,,,,,,,,,,,,,,,,,,,,,,,,,,,,,,,,,,,,,,,,,,,,,,,,
St. Vincent and the Grenadines,VCT,GDP (current US$),NY.GDP.MKTP.CD,692933740.7,721207407.4,727714814.8,755400000,774429629.6,792177777.8,811300000,,,,,,,,,,,,,,,,,,,,,,,,,,,,,,,,,,,,,,,,,,,,,,,,,,,,,
"Venezuela, RB",VEN,GDP (current US$),NY.GDP.MKTP.CD,3.81286E+11,3.71005E+11,4.82359E+11,,,,,,,,,,,,,,,,,,,,,,,,,,,,,,,,,,,,,,,,,,,,,,,,,,,,,,,,,
British Virgin Islands,VGB,GDP (current US$),NY.GDP.MKTP.CD,,,,,,,,,,,,,,,,,,,,,,,,,,,,,,,,,,,,,,,,,,,,,,,,,,,,,,,,,,,,
Virgin Islands (U.S.),VIR,GDP (current US$),NY.GDP.MKTP.CD,4095000000,3762000000,3622000000,3748000000,3863000000,3855000000,,,,,,,,,,,,,,,,,,,,,,,,,,,,,,,,,,,,,,,,,,,,,,,,,,,,,,
Vietnam,VNM,GDP (current US$),NY.GDP.MKTP.CD,1.5582E+11,1.71222E+11,1.86205E+11,1.93241E+11,2.05276E+11,2.2378E+11,2.45214E+11,,,,,,,,,,,,,,,,,,,,,,,,,,,,,,,,,,,,,,,,,,,,,,,,,,,,,
Vanuatu,VUT,GDP (current US$),NY.GDP.MKTP.CD,781702874.1,801787555.9,814954307,759689950.9,804332795.6,880043553.7,914301119.3,,,,,,,,,,,,,,,,,,,,,,,,,,,,,,,,,,,,,,,,,,,,,,,,,,,,,
World,WLD,GDP (current US$),NY.GDP.MKTP.CD,7.50827E+13,7.72362E+13,7.93344E+13,7.50518E+13,7.61665E+13,8.09632E+13,8.59308E+13,,,,,,,,,,,,,,,,,,,,,,,,,,,,,,,,,,,,,,,,,,,,,,,,,,,,,
Samoa,WSM,GDP (current US$),NY.GDP.MKTP.CD,760549577.7,770021643.6,756919933.5,788307314.9,799376440,831903814.1,820491798.3,,,,,,,,,,,,,,,,,,,,,,,,,,,,,,,,,,,,,,,,,,,,,,,,,,,,,
Kosovo,XKX,GDP (current US$),NY.GDP.MKTP.CD,6499759733,7071982209,7386883375,6440067650,6714726770,7227700023,7938990793,,,,,,,,,,,,,,,,,,,,,,,,,,,,,,,,,,,,,,,,,,,,,,,,,,,,,
"Yemen, Rep.",YEM,GDP (current US$),NY.GDP.MKTP.CD,35401339869,40415233436,43228585321,42628328212,30968242968,26818703093,26914402224,,,,,,,,,,,,,,,,,,,,,,,,,,,,,,,,,,,,,,,,,,,,,,,,,,,,,
South Africa,ZAF,GDP (current US$),NY.GDP.MKTP.CD,3.96333E+11,3.66829E+11,3.50905E+11,3.17621E+11,2.96357E+11,3.49554E+11,3.68289E+11,,,,,,,,,,,,,,,,,,,,,,,,,,,,,,,,,,,,,,,,,,,,,,,,,,,,,
Zambia,ZMB,GDP (current US$),NY.GDP.MKTP.CD,25503370699,28045460442,27150630607,21243350633,20954754378,25868142077,26720073436,,,,,,,,,,,,,,,,,,,,,,,,,,,,,,,,,,,,,,,,,,,,,,,,,,,,,
Zimbabwe,ZWE,GDP (current US$),NY.GDP.MKTP.CD,17114849900,19091020000,19495519600,19963120600,20548678100,22813010116,31000519447,,,,,,,,,,,,,,,,,,,,,,,,,,,,,,,,,,,,,,,,,,,,,,,,,,,,,
